Date;Upper Respiratory;Soft Part Tissue;Common Symptoms;Joints;Backbone/Back;Injuries;Lower Respiratory;Influenza;Sick Children;Digestive Tract
Date;Integer;Integer;Integer;Integer;Integer;Integer;Integer;Integer;Integer;Integer
1998-01-01;4;1;1;2;2;14;4;1;8;5
1998-01-02;91;17;9;1;11;81;54;32;9;20
1998-01-03;5;0;1;2;4;5;5;3;1;2
1998-01-04;7;1;1;0;0;7;5;1;0;2
1998-01-05;224;61;30;32;42;392;73;133;79;210
1998-01-06;180;26;6;19;24;83;93;51;38;42
1998-01-07;127;11;3;12;19;98;85;54;30;46
1998-01-08;109;16;12;14;12;57;65;51;32;30
1998-01-09;71;13;7;7;13;65;41;25;28;25
1998-01-10;8;3;0;0;0;12;5;1;0;1
1998-01-11;1;0;0;0;1;4;4;1;0;1
1998-01-12;239;19;4;14;32;228;111;26;107;65
1998-01-13;85;19;7;15;11;83;49;92;66;29
1998-01-14;90;11;7;5;16;73;41;43;44;25
1998-01-15;59;19;4;9;7;74;23;22;42;34
1998-01-16;51;14;6;4;14;52;28;17;35;16
1998-01-17;4;2;0;0;1;17;1;0;1;1
1998-01-18;0;0;0;0;0;1;0;0;0;1
1998-01-19;227;18;15;19;18;173;97;81;112;51
1998-01-20;131;17;13;16;88;63;61;52;79;39
1998-01-21;131;21;21;12;10;84;65;51;54;32
1998-01-22;71;18;55;11;11;78;17;111;57;28
1998-01-23;91;14;5;11;8;69;49;35;37;28
1998-01-24;9;0;1;1;1;17;5;1;4;4
1998-01-25;4;0;0;0;0;6;1;2;1;2
1998-01-26;352;41;26;14;16;196;49;134;196;158
1998-01-27;196;24;12;15;16;96;98;98;78;35
1998-01-28;241;19;14;9;10;131;20;82;63;34
1998-01-29;153;19;19;8;8;115;91;68;51;31
1998-01-30;85;9;9;16;5;67;59;33;38;18
1998-01-31;7;1;0;1;0;18;8;6;2;3
1998-02-01;7;0;0;1;0;8;6;2;1;1
1998-02-02;634;46;22;13;33;216;55;223;131;61
1998-02-03;228;19;90;12;17;143;153;136;58;40
1998-02-04;199;26;14;17;12;135;118;97;48;23
1998-02-05;161;12;14;5;2;92;126;142;33;12
1998-02-06;136;12;7;4;8;74;92;74;28;20
1998-02-07;14;0;0;0;0;15;12;10;5;0
1998-02-08;7;0;0;0;0;5;6;2;1;1
1998-02-09;530;274;20;20;30;213;355;50;125;68
1998-02-10;241;21;14;11;18;87;140;142;43;25
1998-02-11;210;24;12;14;8;81;116;190;45;33
1998-02-12;188;16;19;13;14;95;102;129;66;35
1998-02-13;98;25;4;6;14;60;61;9;34;82
1998-02-14;7;1;0;3;1;10;13;7;3;1
1998-02-15;6;1;0;1;1;7;4;1;1;0
1998-02-16;418;44;23;17;27;254;297;252;163;79
1998-02-17;209;20;12;5;15;110;104;97;69;40
1998-02-18;179;21;19;13;8;98;101;99;49;29
1998-02-19;138;19;15;7;11;99;81;90;66;26
1998-02-20;106;13;8;13;6;71;51;67;35;20
1998-02-21;11;1;2;0;0;13;9;8;6;2
1998-02-22;5;0;0;0;2;9;1;3;0;1
1998-02-23;375;37;29;18;25;238;155;279;188;75
1998-02-24;205;43;15;17;9;96;102;140;94;32
1998-02-25;164;18;9;11;14;93;95;95;75;32
1998-02-26;148;22;12;9;12;115;75;105;56;32
1998-02-27;147;10;8;8;9;71;16;63;49;27
1998-02-28;9;4;3;0;2;8;10;8;4;0
1998-03-01;3;0;1;0;0;8;8;1;2;1
1998-03-02;399;43;7;24;32;230;204;221;227;57
1998-03-03;206;28;12;9;9;116;87;152;87;38
1998-03-04;241;25;20;10;14;88;81;112;69;29
1998-03-05;160;16;11;1;7;100;27;157;67;35
1998-03-06;105;5;5;8;7;81;48;65;53;17
1998-03-07;5;0;1;0;0;18;8;6;2;1
1998-03-08;3;0;0;1;0;4;6;2;0;3
1998-03-09;202;41;29;27;37;201;183;228;208;76
1998-03-10;230;31;9;10;8;111;82;108;95;42
1998-03-11;184;23;18;9;13;88;98;118;75;39
1998-03-12;150;23;8;9;7;86;88;89;83;22
1998-03-13;104;19;9;5;8;72;50;62;57;18
1998-03-14;4;2;1;0;0;15;15;2;1;0
1998-03-15;8;0;0;0;4;10;3;4;1;0
1998-03-16;430;66;28;17;33;179;207;223;245;24
1998-03-17;223;34;16;19;15;129;100;118;76;27
1998-03-18;167;21;12;12;12;99;92;95;77;35
1998-03-19;166;8;8;8;11;91;18;138;55;32
1998-03-20;156;12;8;10;8;70;57;4;41;20
1998-03-21;11;1;0;1;0;15;2;12;4;2
1998-03-22;3;0;1;0;0;5;2;3;0;0
1998-03-23;417;28;27;29;28;224;211;187;207;77
1998-03-24;219;14;9;9;18;108;69;87;85;39
1998-03-25;145;18;18;11;10;105;81;90;69;27
1998-03-26;139;19;12;9;11;83;55;95;75;26
1998-03-27;110;10;9;11;6;54;51;46;55;22
1998-03-28;13;2;3;0;0;17;2;2;5;3
1998-03-29;3;1;1;0;0;4;4;1;0;0
1998-03-30;368;53;33;26;29;244;199;193;164;78
1998-03-31;181;24;7;8;14;107;72;81;52;41
1998-04-01;220;20;14;12;11;92;26;63;63;34
1998-04-02;142;17;9;11;14;91;53;52;72;20
1998-04-03;149;8;11;11;12;94;38;41;28;24
1998-04-04;4;3;1;0;0;12;5;4;4;1
1998-04-05;2;0;0;0;1;10;3;3;0;1
1998-04-06;284;38;23;25;30;212;145;119;83;60
1998-04-07;98;19;5;14;13;99;53;53;30;32
1998-04-08;105;9;7;3;11;90;37;51;30;16
1998-04-09;34;7;0;18;6;41;25;20;17;3
1998-04-10;3;1;1;1;1;4;0;1;0;0
1998-04-11;6;1;0;0;0;12;3;0;0;0
1998-04-12;1;0;0;0;0;4;1;0;0;0
1998-04-13;3;0;0;0;1;6;1;3;1;0
1998-04-14;233;37;13;11;29;178;104;79;99;73
1998-04-15;97;13;5;6;10;71;54;28;23;8
1998-04-16;110;31;2;7;8;63;17;36;34;26
1998-04-17;63;14;4;8;8;53;25;13;24;6
1998-04-18;0;0;1;1;1;20;5;4;2;1
1998-04-19;3;0;0;0;0;5;2;0;2;0
1998-04-20;198;49;16;17;52;234;100;56;87;82
1998-04-21;82;24;7;6;14;131;62;37;46;35
1998-04-22;119;24;13;7;13;99;28;34;35;36
1998-04-23;82;13;9;8;13;99;41;23;46;35
1998-04-24;47;12;5;12;19;63;21;16;35;28
1998-04-25;3;1;0;0;0;12;2;0;1;0
1998-04-26;2;1;0;1;1;9;1;1;2;1
1998-04-27;427;22;21;39;41;286;96;72;94;66
1998-04-28;89;25;15;13;20;136;41;42;57;11
1998-04-29;67;17;20;12;22;92;12;19;44;36
1998-04-30;52;15;5;4;3;68;19;8;25;15
1998-05-01;4;2;1;0;1;13;1;1;2;2
1998-05-02;3;1;1;1;1;10;6;2;4;3
1998-05-03;4;2;0;2;0;13;0;1;0;1
1998-05-04;270;74;25;31;25;331;117;59;126;82
1998-05-05;131;26;13;15;22;122;45;33;52;49
1998-05-06;93;25;12;13;9;107;43;63;33;18
1998-05-07;91;16;12;11;12;87;43;23;47;32
1998-05-08;64;8;5;9;3;55;20;15;45;19
1998-05-09;3;2;1;2;2;16;1;2;0;1
1998-05-10;0;0;0;0;0;13;3;1;0;1
1998-05-11;176;12;25;30;23;299;64;57;119;78
1998-05-12;90;18;12;15;10;126;30;23;48;38
1998-05-13;100;25;7;17;6;108;42;22;41;28
1998-05-14;74;20;12;15;11;89;33;15;40;31
1998-05-15;76;6;6;9;6;74;3;9;27;15
1998-05-16;4;1;0;1;0;13;1;2;2;1
1998-05-17;5;1;0;0;1;4;1;0;1;1
1998-05-18;185;19;16;26;32;205;10;34;113;40
1998-05-19;77;12;8;9;13;80;27;22;43;37
1998-05-20;59;7;11;11;4;85;22;12;26;21
1998-05-21;3;0;1;0;0;20;2;0;3;0
1998-05-22;48;12;4;5;9;113;20;9;19;13
1998-05-23;5;1;1;1;1;13;5;2;2;2
1998-05-24;3;0;0;0;1;13;1;0;0;0
1998-05-25;276;45;23;24;45;318;143;99;109;90
1998-05-26;147;29;13;24;15;116;16;39;31;45
1998-05-27;81;15;6;9;11;96;37;35;41;36
1998-05-28;68;26;15;6;10;83;26;17;29;36
1998-05-29;45;9;12;45;4;66;12;9;12;13
1998-05-30;5;1;2;2;1;17;0;0;0;0
1998-05-31;4;1;0;0;0;6;1;0;1;1
1998-06-01;3;0;1;0;1;10;3;0;1;0
1998-06-02;173;51;24;30;31;255;73;44;77;60
1998-06-03;90;36;1;15;14;124;35;20;58;46
1998-06-04;101;16;12;14;14;103;31;26;44;35
1998-06-05;56;18;14;9;7;86;16;11;30;29
1998-06-06;7;1;2;1;0;19;3;3;2;2
1998-06-07;3;1;1;0;1;10;3;0;1;1
1998-06-08;211;48;24;47;32;274;25;105;108;73
1998-06-09;119;40;17;16;5;132;14;35;62;45
1998-06-10;106;22;10;22;18;108;29;20;46;22
1998-06-11;91;28;12;14;12;116;25;22;60;44
1998-06-12;62;14;11;13;14;88;5;27;41;14
1998-06-13;4;0;2;1;1;23;3;1;0;0
1998-06-14;4;1;0;1;0;11;1;2;2;2
1998-06-15;201;51;28;30;45;318;79;52;122;83
1998-06-16;135;26;19;18;23;156;49;31;57;32
1998-06-17;111;27;14;22;26;100;38;22;48;32
1998-06-18;91;24;11;12;10;105;34;24;41;30
1998-06-19;55;15;2;7;10;87;20;0;42;30
1998-06-20;2;1;0;1;0;16;5;2;3;2
1998-06-21;4;0;1;1;0;10;1;1;0;1
1998-06-22;189;102;19;38;40;311;73;57;132;77
1998-06-23;113;33;10;20;15;117;39;23;52;31
1998-06-24;86;26;10;11;11;124;38;29;54;44
1998-06-25;115;25;8;10;13;114;10;19;48;30
1998-06-26;57;20;6;10;6;84;21;14;42;17
1998-06-27;8;1;0;1;1;14;3;2;4;4
1998-06-28;2;1;2;0;0;10;2;0;1;2
1998-06-29;219;48;7;28;31;268;90;71;129;80
1998-06-30;122;27;14;7;16;105;78;6;73;36
1998-07-01;87;24;11;19;17;125;41;34;51;35
1998-07-02;87;17;9;21;10;109;31;22;46;31
1998-07-03;61;8;13;5;10;93;19;19;30;22
1998-07-04;5;1;0;2;2;12;2;2;2;0
1998-07-05;6;2;0;0;2;7;2;1;0;0
1998-07-06;220;47;26;38;41;231;88;57;107;78
1998-07-07;115;4;6;15;13;91;38;21;61;42
1998-07-08;89;22;20;6;14;94;29;23;37;27
1998-07-09;72;13;3;4;14;81;21;18;40;39
1998-07-10;46;12;4;6;5;56;12;7;19;21
1998-07-11;6;1;1;0;1;18;3;2;0;2
1998-07-12;2;0;0;0;0;12;1;3;0;0
1998-07-13;175;26;26;4;55;198;89;62;70;57
1998-07-14;116;24;8;18;13;109;42;39;37;36
1998-07-15;89;11;7;9;4;79;42;21;36;32
1998-07-16;80;39;12;18;7;95;39;14;27;27
1998-07-17;57;14;3;6;9;70;29;13;21;20
1998-07-18;5;2;0;2;0;19;1;0;1;2
1998-07-19;3;0;0;0;0;12;0;0;1;1
1998-07-20;167;29;31;24;36;232;76;40;73;65
1998-07-21;80;21;13;8;9;113;32;21;37;4
1998-07-22;54;13;2;7;4;90;34;15;24;26
1998-07-23;49;20;3;11;7;110;21;10;20;17
1998-07-24;39;11;5;8;6;65;6;5;13;14
1998-07-25;6;1;2;2;1;18;1;0;2;0
1998-07-26;2;0;1;0;0;9;1;0;0;0
1998-07-27;154;67;20;26;178;210;87;35;59;62
1998-07-28;82;22;8;20;17;93;30;22;23;24
1998-07-29;65;15;4;6;9;75;14;11;24;27
1998-07-30;54;19;8;13;8;90;9;12;28;19
1998-07-31;34;12;6;3;11;64;8;6;14;18
1998-08-01;4;1;0;2;1;21;3;1;0;0
1998-08-02;1;0;0;0;3;8;2;1;0;0
1998-08-03;164;39;23;26;32;244;92;54;60;90
1998-08-04;79;22;11;6;10;94;47;17;22;29
1998-08-05;60;20;7;13;11;94;30;23;18;32
1998-08-06;62;13;4;6;9;91;32;16;22;33
1998-08-07;45;13;8;7;7;68;1;8;17;17
1998-08-08;4;2;1;2;1;15;1;0;2;1
1998-08-09;3;1;0;0;0;10;1;0;1;1
1998-08-10;151;50;24;28;31;275;78;35;55;78
1998-08-11;53;12;20;10;15;117;34;21;23;51
1998-08-12;96;15;5;8;10;90;30;0;18;25
1998-08-13;51;27;10;13;8;118;22;11;19;28
1998-08-14;46;15;7;8;8;86;16;12;14;42
1998-08-15;4;2;0;0;2;18;5;0;3;1
1998-08-16;1;0;0;1;0;12;5;1;0;2
1998-08-17;126;64;29;5;44;293;138;52;65;94
1998-08-18;87;25;13;9;12;138;42;21;40;43
1998-08-19;76;17;2;4;24;113;27;19;30;38
1998-08-20;61;24;0;16;9;111;32;15;23;26
1998-08-21;43;18;9;14;12;91;21;12;21;73
1998-08-22;7;3;3;0;1;20;4;3;1;1
1998-08-23;6;1;2;0;4;11;0;2;1;2
1998-08-24;164;57;47;30;38;235;88;52;88;93
1998-08-25;123;32;107;21;28;119;32;36;38;47
1998-08-26;74;30;13;12;20;107;26;23;43;35
1998-08-27;90;19;11;12;16;106;22;25;36;32
1998-08-28;37;6;6;8;7;83;26;21;31;22
1998-08-29;6;2;1;0;1;19;3;0;2;2
1998-08-30;4;0;0;1;0;10;1;1;2;0
1998-08-31;179;121;30;28;37;269;95;38;117;84
1998-09-01;96;37;20;19;29;122;43;36;55;48
1998-09-02;93;28;18;15;15;130;31;34;51;43
1998-09-03;86;13;6;5;13;107;43;34;46;40
1998-09-04;63;17;16;9;9;105;24;17;40;18
1998-09-05;3;0;2;3;1;18;3;0;0;1
1998-09-06;5;0;0;0;1;11;4;2;1;0
1998-09-07;252;44;4;39;43;279;173;67;169;93
1998-09-08;140;29;19;79;27;136;19;42;68;49
1998-09-09;146;30;13;15;14;110;15;35;65;50
1998-09-10;150;30;17;14;20;109;55;41;68;26
1998-09-11;82;17;6;9;6;88;22;29;40;23
1998-09-12;11;5;2;0;1;23;5;1;1;1
1998-09-13;3;2;0;1;0;9;3;2;0;1
1998-09-14;331;47;26;21;41;256;153;105;176;111
1998-09-15;185;27;13;22;26;104;78;57;72;52
1998-09-16;172;3;17;9;22;111;22;61;72;32
1998-09-17;175;22;12;15;9;91;97;60;60;33
1998-09-18;119;78;9;13;10;80;37;33;38;38
1998-09-19;4;0;0;0;2;14;4;0;9;0
1998-09-20;9;1;0;0;1;11;5;0;1;2
1998-09-21;409;48;40;48;35;290;214;119;181;89
1998-09-22;223;30;13;20;25;117;110;72;72;39
1998-09-23;183;29;12;16;9;104;112;67;87;11
1998-09-24;167;22;19;28;20;112;82;35;56;39
1998-09-25;91;23;8;8;6;77;51;45;41;34
1998-09-26;9;3;1;2;1;18;2;8;5;3
1998-09-27;4;0;0;0;0;5;2;2;0;0
1998-09-28;402;67;37;29;19;270;217;161;185;79
1998-09-29;229;34;15;24;23;114;133;82;91;42
1998-09-30;84;25;10;10;15;99;98;143;74;24
1998-10-01;189;24;10;18;15;91;87;84;87;42
1998-10-02;133;25;6;11;15;91;80;48;51;24
1998-10-03;7;0;0;0;1;14;5;2;3;0
1998-10-04;4;0;1;0;1;10;4;1;4;1
1998-10-05;505;41;34;33;43;238;276;185;191;93
1998-10-06;248;38;21;11;20;112;133;162;90;41
1998-10-07;248;28;14;16;15;114;121;76;83;29
1998-10-08;176;21;0;23;16;87;109;70;82;32
1998-10-09;119;8;15;13;16;59;28;52;40;26
1998-10-10;8;4;0;1;0;21;10;2;4;1
1998-10-11;3;1;0;0;1;7;1;1;1;1
1998-10-12;651;52;30;29;54;260;74;156;173;84
1998-10-13;194;28;7;18;14;154;147;91;87;50
1998-10-14;221;28;3;14;21;107;100;79;64;26
1998-10-15;172;22;13;8;12;113;113;55;48;26
1998-10-16;109;14;13;2;11;85;43;30;33;18
1998-10-17;13;0;1;0;1;19;3;6;4;1
1998-10-18;3;1;0;1;1;9;4;2;0;1
1998-10-19;402;45;30;29;42;238;253;15;97;79
1998-10-20;210;27;14;21;16;129;115;70;48;42
1998-10-21;175;19;18;12;17;112;77;72;53;42
1998-10-22;153;31;11;7;16;92;77;60;40;18
1998-10-23;94;10;14;23;6;83;52;35;26;24
1998-10-24;8;2;2;1;1;20;5;4;5;4
1998-10-25;8;1;0;0;0;3;1;0;0;1
1998-10-26;413;77;41;26;32;267;186;144;160;95
1998-10-27;195;41;23;12;13;120;100;77;72;55
1998-10-28;228;26;14;16;22;115;104;61;68;34
1998-10-29;149;27;18;12;14;109;22;49;63;29
1998-10-30;84;4;13;7;13;89;45;35;45;16
1998-10-31;6;2;0;1;0;8;4;0;2;1
1998-11-01;7;1;0;1;0;8;2;1;5;1
1998-11-02;498;56;29;47;49;251;48;152;179;30
1998-11-03;193;35;22;20;19;107;95;76;87;58
1998-11-04;178;32;14;17;20;103;80;73;85;45
1998-11-05;143;21;11;25;11;87;61;42;70;33
1998-11-06;104;22;10;9;11;96;38;32;31;20
1998-11-07;10;8;0;0;0;14;1;4;2;4
1998-11-08;6;0;0;0;0;8;2;2;2;0
1998-11-09;402;78;40;12;34;240;207;154;207;90
1998-11-10;226;26;16;26;13;115;117;70;88;44
1998-11-11;156;39;13;9;11;88;66;54;80;42
1998-11-12;139;21;16;14;15;106;64;91;97;40
1998-11-13;74;9;9;15;8;82;32;26;70;18
1998-11-14;13;2;0;3;0;17;7;2;4;2
1998-11-15;3;0;0;0;0;5;1;1;0;0
1998-11-16;369;56;33;34;46;265;202;165;240;92
1998-11-17;325;36;14;23;23;105;104;17;118;56
1998-11-18;215;9;16;14;12;123;87;83;85;35
1998-11-19;193;19;22;11;9;112;91;65;79;39
1998-11-20;268;17;5;7;13;93;17;40;51;36
1998-11-21;8;1;1;0;1;15;7;5;1;1
1998-11-22;2;1;1;0;0;10;3;1;1;1
1998-11-23;480;57;17;17;43;224;269;246;232;71
1998-11-24;299;21;18;20;20;118;132;93;103;51
1998-11-25;204;29;12;14;11;130;157;93;89;53
1998-11-26;209;26;3;16;13;110;87;72;92;39
1998-11-27;143;27;2;14;5;87;59;51;46;24
1998-11-28;7;4;1;0;3;21;2;2;5;2
1998-11-29;3;1;1;0;0;9;3;0;1;1
1998-11-30;485;56;31;27;40;228;225;164;229;85
1998-12-01;329;36;21;15;16;120;107;127;116;44
1998-12-02;261;28;11;12;14;117;134;103;90;34
1998-12-03;246;13;16;16;10;89;123;115;83;22
1998-12-04;214;20;8;7;12;111;69;64;62;23
1998-12-05;6;0;1;0;1;14;5;3;1;1
1998-12-06;7;1;0;0;0;10;3;3;0;2
1998-12-07;681;58;7;20;37;272;278;259;243;71
1998-12-08;329;41;24;6;24;141;133;127;116;45
1998-12-09;279;24;10;12;21;96;165;101;90;40
1998-12-10;254;19;11;8;8;92;112;92;82;35
1998-12-11;144;18;5;12;6;77;62;70;67;14
1998-12-12;19;3;0;1;1;12;3;11;6;0
1998-12-13;7;0;0;0;0;9;0;1;2;1
1998-12-14;555;49;26;25;35;223;230;224;232;87
1998-12-15;286;19;21;14;19;117;127;127;103;43
1998-12-16;217;16;6;7;13;94;108;86;72;31
1998-12-17;196;7;8;9;13;100;89;67;76;39
1998-12-18;92;10;3;3;2;71;50;60;41;16
1998-12-19;10;1;0;0;0;15;6;7;4;1
1998-12-20;4;0;0;0;0;14;2;2;0;1
1998-12-21;315;23;17;12;17;132;114;109;117;58
1998-12-22;117;11;3;4;5;55;47;41;38;24
1998-12-23;63;4;3;2;7;40;20;16;16;7
1998-12-24;5;1;0;0;1;12;6;0;3;1
1998-12-25;4;1;1;1;0;2;1;1;1;1
1998-12-26;5;0;1;0;0;4;2;1;0;0
1998-12-27;10;1;0;0;0;3;2;2;0;0
1998-12-28;191;13;15;14;15;89;122;63;32;39
1998-12-29;63;9;4;3;5;29;33;29;8;19
1998-12-30;37;5;1;3;2;28;28;11;6;5
1998-12-31;4;0;0;0;2;13;0;11;1;1
1999-01-01;5;2;1;3;2;12;2;3;13;4
1999-01-02;28;0;2;1;1;10;8;5;4;0
1999-01-03;8;1;0;0;0;9;4;5;1;1
1999-01-04;643;68;36;38;51;304;280;210;91;121
1999-01-05;367;21;13;15;20;84;34;89;57;47
1999-01-06;235;30;15;12;20;94;89;55;39;45
1999-01-07;174;22;14;19;18;103;75;60;46;39
1999-01-08;54;26;15;10;12;110;58;37;32;20
1999-01-09;9;0;0;0;0;12;10;7;1;1
1999-01-10;3;0;0;0;0;5;1;2;1;3
1999-01-11;503;44;30;1;37;184;202;183;132;93
1999-01-12;270;34;25;14;17;133;83;92;81;43
1999-01-13;195;16;21;11;19;163;88;10;61;39
1999-01-14;160;102;21;13;11;100;77;72;57;49
1999-01-15;120;5;11;6;8;88;43;48;51;35
1999-01-16;8;4;1;0;1;17;4;2;2;1
1999-01-17;6;0;0;0;0;3;2;4;1;0
1999-01-18;433;55;5;29;28;436;219;212;190;84
1999-01-19;235;38;13;13;17;110;69;111;77;62
1999-01-20;196;28;5;15;11;100;74;82;87;38
1999-01-21;145;21;8;9;13;76;73;58;58;43
1999-01-22;102;15;6;11;19;67;37;45;52;29
1999-01-23;6;0;4;0;0;16;5;7;1;4
1999-01-24;7;0;1;0;0;12;3;0;0;1
1999-01-25;464;94;34;40;34;203;235;208;199;39
1999-01-26;242;28;14;13;15;96;84;11;91;47
1999-01-27;217;21;21;9;18;82;107;94;72;47
1999-01-28;170;27;11;13;8;95;84;85;79;36
1999-01-29;117;12;2;12;14;73;62;49;40;32
1999-01-30;16;2;0;2;0;17;9;3;1;0
1999-01-31;6;0;2;0;0;6;2;2;0;0
1999-02-01;223;58;21;33;32;204;234;252;128;91
1999-02-02;223;29;14;11;17;102;94;122;50;32
1999-02-03;201;19;15;6;11;67;104;109;43;10
1999-02-04;158;20;9;9;10;61;94;95;47;28
1999-02-05;186;14;8;3;4;63;17;65;26;22
1999-02-06;18;1;0;1;0;7;7;14;2;0
1999-02-07;12;0;0;0;0;3;10;3;1;1
1999-02-08;489;41;18;24;20;186;258;264;129;25
1999-02-09;227;19;8;9;17;102;95;133;55;34
1999-02-10;145;21;1;10;4;69;73;124;38;6
1999-02-11;188;16;12;17;13;77;110;165;61;39
1999-02-12;140;18;7;10;3;75;74;79;29;33
1999-02-13;19;1;3;1;0;17;8;2;5;1
1999-02-14;6;1;0;0;0;9;0;4;0;1
1999-02-15;646;75;33;40;22;211;411;392;168;31
1999-02-16;504;26;19;20;22;109;171;12;73;40
1999-02-17;286;30;15;20;17;99;139;164;76;40
1999-02-18;239;29;14;9;10;110;140;174;69;31
1999-02-19;174;13;9;11;10;80;97;108;51;22
1999-02-20;27;0;0;0;2;17;1;8;1;1
1999-02-21;15;0;0;0;0;4;8;10;0;0
1999-02-22;671;48;18;18;25;192;386;477;227;69
1999-02-23;306;24;3;17;16;76;162;344;94;48
1999-02-24;262;22;12;14;7;82;139;170;83;40
1999-02-25;233;11;8;9;12;65;118;136;77;27
1999-02-26;102;10;0;2;11;44;66;87;56;19
1999-02-27;17;1;1;0;0;10;2;10;1;0
1999-02-28;3;0;0;0;1;2;4;6;0;1
1999-03-01;348;32;6;26;17;111;243;357;237;32
1999-03-02;169;19;16;4;10;43;100;112;80;9
1999-03-03;140;8;3;5;6;44;87;109;69;10
1999-03-04;152;14;8;10;7;56;88;107;74;21
1999-03-05;121;14;8;2;4;50;77;91;39;22
1999-03-06;15;0;0;0;0;9;6;8;5;1
1999-03-07;5;0;0;0;1;5;2;0;1;1
1999-03-08;364;39;24;26;23;173;260;360;208;24
1999-03-09;117;25;116;13;13;87;324;32;99;40
1999-03-10;194;18;12;18;10;83;118;194;59;25
1999-03-11;336;29;8;16;9;94;88;89;69;38
1999-03-12;143;10;11;7;11;68;75;104;47;35
1999-03-13;11;0;0;1;0;11;10;15;8;1
1999-03-14;10;1;1;0;0;5;11;2;0;0
1999-03-15;473;58;30;39;34;207;301;386;209;84
1999-03-16;293;8;13;20;20;95;114;170;89;30
1999-03-17;211;17;12;16;10;86;127;123;87;39
1999-03-18;191;19;11;9;11;77;94;130;70;51
1999-03-19;124;20;9;4;2;59;60;62;42;28
1999-03-20;12;0;3;1;0;13;10;5;0;0
1999-03-21;5;0;0;1;0;6;6;6;1;2
1999-03-22;484;26;33;72;35;216;237;283;173;71
1999-03-23;320;31;16;11;11;104;27;117;85;42
1999-03-24;299;21;12;9;16;91;90;7;63;30
1999-03-25;179;28;17;6;11;76;73;85;49;36
1999-03-26;116;14;15;5;2;57;64;53;31;18
1999-03-27;12;0;0;0;1;15;4;7;1;0
1999-03-28;7;0;0;1;0;14;4;1;1;0
1999-03-29;373;39;22;30;31;227;175;202;110;84
1999-03-30;178;16;12;10;13;87;57;62;38;42
1999-03-31;149;7;6;10;13;64;66;43;26;21
1999-04-01;57;16;0;6;9;58;33;23;18;20
1999-04-02;7;0;0;1;1;11;1;1;2;0
1999-04-03;7;0;0;0;0;13;5;2;1;0
1999-04-04;4;0;1;0;0;12;1;2;1;1
1999-04-05;5;0;0;0;0;9;3;2;3;0
1999-04-06;408;71;34;33;46;291;256;153;95;120
1999-04-07;207;23;16;15;15;87;73;49;35;57
1999-04-08;158;24;16;14;13;91;60;38;37;33
1999-04-09;87;8;9;24;16;69;10;28;28;21
1999-04-10;7;0;1;1;0;16;4;3;1;0
1999-04-11;7;0;3;1;0;9;0;2;0;0
1999-04-12;336;46;40;41;46;251;28;91;91;91
1999-04-13;140;28;25;38;21;112;54;45;48;35
1999-04-14;112;25;7;15;7;116;36;43;40;32
1999-04-15;138;24;12;15;8;89;37;55;43;24
1999-04-16;83;19;7;6;6;75;18;24;28;33
1999-04-17;3;1;1;0;0;13;2;4;2;1
1999-04-18;4;0;0;1;1;11;1;0;0;0
1999-04-19;238;57;31;15;42;199;111;78;90;77
1999-04-20;104;23;9;16;17;100;61;52;44;25
1999-04-21;102;22;4;19;15;85;57;36;40;30
1999-04-22;108;20;8;15;20;89;32;32;47;27
1999-04-23;54;19;10;17;9;76;32;19;30;23
1999-04-24;6;2;1;1;2;14;1;2;2;2
1999-04-25;1;0;1;0;0;9;3;4;1;3
1999-04-26;212;69;37;30;41;215;93;80;113;84
1999-04-27;141;33;15;22;17;126;48;33;51;53
1999-04-28;108;25;96;13;18;94;39;32;56;35
1999-04-29;107;19;9;12;13;119;16;31;38;42
1999-04-30;64;17;8;5;8;73;24;17;29;28
1999-05-01;7;1;1;2;2;7;1;0;1;2
1999-05-02;1;1;1;0;0;8;3;1;0;1
1999-05-03;244;49;31;39;45;288;103;61;124;97
1999-05-04;145;38;19;13;18;111;56;30;59;29
1999-05-05;124;26;16;11;27;100;41;25;40;61
1999-05-06;73;17;19;15;24;89;67;26;38;34
1999-05-07;66;13;0;12;10;63;21;17;33;18
1999-05-08;7;1;1;1;0;5;3;1;2;0
1999-05-09;1;0;0;0;1;7;0;0;0;1
1999-05-10;174;39;21;22;17;203;84;42;93;68
1999-05-11;59;18;14;9;8;90;38;14;49;23
1999-05-12;75;9;7;6;54;59;24;14;41;20
1999-05-13;4;0;2;0;0;12;1;1;1;3
1999-05-14;41;12;10;17;11;93;26;4;17;18
1999-05-15;8;2;1;0;1;15;3;3;1;2
1999-05-16;0;0;1;1;1;8;1;1;0;3
1999-05-17;325;19;27;39;53;274;131;79;126;132
1999-05-18;199;28;2;30;18;106;58;47;38;48
1999-05-19;139;16;16;11;11;82;42;21;38;25
1999-05-20;93;12;9;10;12;70;4;20;32;31
1999-05-21;43;11;6;6;9;49;17;10;15;21
1999-05-22;7;0;0;1;0;12;2;2;1;1
1999-05-23;2;1;1;1;0;9;1;1;0;0
1999-05-24;3;0;0;2;1;4;3;6;2;1
1999-05-25;320;50;48;40;32;297;102;66;70;97
1999-05-26;143;27;21;16;14;106;46;21;56;46
1999-05-27;134;14;18;16;14;100;28;24;33;42
1999-05-28;66;13;8;9;5;87;20;6;22;16
1999-05-29;6;1;1;2;0;26;3;0;1;1
1999-05-30;4;0;1;0;0;8;1;0;2;0
1999-05-31;201;46;32;32;39;252;116;44;83;75
1999-06-01;93;37;13;11;19;105;34;28;36;37
1999-06-02;95;23;9;8;16;80;22;9;34;23
1999-06-03;65;19;10;8;7;81;17;12;46;29
1999-06-04;32;7;8;7;5;62;5;5;30;22
1999-06-05;7;2;0;2;1;17;1;0;0;0
1999-06-06;1;1;0;0;0;10;0;0;0;3
1999-06-07;167;71;26;22;26;202;77;49;100;66
1999-06-08;130;28;3;25;16;103;36;24;47;60
1999-06-09;94;20;16;10;16;99;35;22;54;32
1999-06-10;112;20;20;17;15;109;26;18;46;29
1999-06-11;55;18;11;15;19;85;22;12;37;24
1999-06-12;3;0;1;2;1;21;2;1;2;0
1999-06-13;3;0;0;0;0;4;3;0;0;0
1999-06-14;235;41;32;38;47;274;88;46;129;91
1999-06-15;123;39;4;15;19;115;35;28;57;45
1999-06-16;153;12;11;7;13;141;4;16;55;39
1999-06-17;93;12;9;16;10;115;42;23;43;27
1999-06-18;52;16;12;10;11;87;19;13;30;16
1999-06-19;11;0;1;2;1;11;0;0;2;2
1999-06-20;5;0;0;0;0;6;0;0;1;1
1999-06-21;233;19;29;38;27;321;78;57;129;90
1999-06-22;109;33;15;20;17;116;40;30;55;42
1999-06-23;94;24;11;17;14;81;27;18;45;28
1999-06-24;95;21;13;9;8;77;24;31;41;37
1999-06-25;48;8;8;2;9;63;13;13;16;36
1999-06-26;3;1;0;1;1;9;2;1;0;1
1999-06-27;4;0;0;1;0;12;0;1;0;1
1999-06-28;167;27;22;25;31;231;58;40;106;75
1999-06-29;80;20;11;9;20;115;32;23;51;35
1999-06-30;100;24;12;11;13;106;42;28;42;39
1999-07-01;83;20;19;18;10;99;33;21;50;35
1999-07-02;48;17;9;15;10;71;25;1;24;29
1999-07-03;8;1;0;1;0;14;2;0;1;0
1999-07-04;3;0;0;0;0;16;3;0;2;1
1999-07-05;190;44;44;37;42;310;57;49;127;98
1999-07-06;97;23;26;19;8;152;23;29;55;41
1999-07-07;87;23;17;7;18;105;34;14;41;36
1999-07-08;109;22;19;7;6;114;22;14;47;8
1999-07-09;36;11;12;16;9;78;24;9;26;12
1999-07-10;11;0;0;1;1;18;2;0;0;1
1999-07-11;4;0;1;2;0;8;1;1;0;0
1999-07-12;186;41;39;21;34;299;65;44;118;71
1999-07-13;108;17;19;16;25;127;33;15;37;37
1999-07-14;80;21;19;5;15;100;27;2;23;37
1999-07-15;57;21;1;21;9;88;14;24;24;32
1999-07-16;43;8;7;6;5;94;14;12;21;7
1999-07-17;7;1;2;2;1;17;0;1;5;4
1999-07-18;2;1;1;0;0;7;0;2;0;0
1999-07-19;135;38;32;32;40;270;52;32;88;68
1999-07-20;86;9;14;9;13;107;30;14;18;20
1999-07-21;71;14;12;10;8;110;30;15;22;24
1999-07-22;47;8;10;13;22;94;16;15;23;35
1999-07-23;56;12;7;10;12;66;7;5;13;14
1999-07-24;8;1;1;1;1;9;2;0;0;3
1999-07-25;2;0;0;1;0;10;1;2;1;2
1999-07-26;73;29;16;25;25;195;165;2;60;37
1999-07-27;46;17;8;10;10;77;14;15;22;28
1999-07-28;41;9;6;10;2;77;16;4;24;17
1999-07-29;25;17;6;8;2;74;8;7;15;15
1999-07-30;30;15;16;4;4;66;10;3;7;14
1999-07-31;1;2;1;0;2;20;1;1;3;0
1999-08-01;1;1;0;0;0;15;3;0;1;2
1999-08-02;125;41;22;23;36;218;46;29;61;78
1999-08-03;54;17;15;5;10;110;16;14;28;34
1999-08-04;57;16;8;5;8;99;12;19;20;12
1999-08-05;50;17;10;11;14;108;13;16;16;19
1999-08-06;35;21;5;6;11;79;8;8;13;15
1999-08-07;3;1;2;2;1;17;2;0;2;5
1999-08-08;4;0;0;0;1;15;1;0;0;1
1999-08-09;172;40;26;15;41;245;52;2;67;99
1999-08-10;75;26;15;11;18;134;19;19;28;26
1999-08-11;50;18;9;14;18;99;18;11;7;29
1999-08-12;44;16;3;17;10;75;19;6;8;30
1999-08-13;31;17;6;4;9;81;13;7;11;27
1999-08-14;1;2;2;0;4;28;2;1;1;3
1999-08-15;2;1;1;0;0;10;2;1;0;1
1999-08-16;183;46;4;26;26;271;46;42;53;87
1999-08-17;82;18;12;13;12;93;29;19;27;45
1999-08-18;67;31;15;10;24;86;15;15;16;26
1999-08-19;74;23;9;10;11;83;20;2;20;27
1999-08-20;26;20;2;1;51;82;9;25;13;21
1999-08-21;11;2;2;3;1;18;0;0;1;0
1999-08-22;5;0;1;0;0;9;0;0;1;1
1999-08-23;186;40;21;24;43;213;63;55;58;83
1999-08-24;76;18;9;19;13;80;30;22;21;28
1999-08-25;75;14;18;17;7;89;21;16;15;30
1999-08-26;55;16;8;11;8;74;15;9;16;16
1999-08-27;24;9;3;6;6;34;7;4;14;10
1999-08-28;2;1;0;0;0;10;1;1;0;2
1999-08-29;1;0;0;0;0;6;0;0;0;0
1999-08-30;64;14;9;3;14;95;27;16;79;30
1999-08-31;40;6;3;1;5;41;12;4;30;17
1999-09-01;44;10;9;6;15;58;12;10;34;18
1999-09-02;52;10;6;4;7;70;14;17;24;17
1999-09-03;51;14;7;10;10;70;20;8;25;20
1999-09-04;3;0;3;1;1;19;0;1;4;2
1999-09-05;3;0;0;1;0;13;2;1;1;2
1999-09-06;202;46;33;24;37;284;69;46;130;51
1999-09-07;114;25;33;13;45;125;36;52;70;39
1999-09-08;108;35;12;14;19;109;46;21;52;32
1999-09-09;105;20;14;14;18;88;9;12;43;35
1999-09-10;77;13;2;8;11;91;9;18;31;23
1999-09-11;9;2;1;1;2;16;1;1;7;2
1999-09-12;1;0;0;0;0;11;3;1;1;1
1999-09-13;263;42;41;42;40;280;184;60;122;96
1999-09-14;140;34;17;41;14;141;67;38;59;44
1999-09-15;143;16;17;11;12;135;53;26;44;47
1999-09-16;128;24;15;15;19;126;42;43;56;37
1999-09-17;100;16;10;9;6;88;24;18;43;21
1999-09-18;12;3;1;0;1;26;3;1;6;0
1999-09-19;10;0;1;0;1;7;4;0;1;0
1999-09-20;317;73;37;42;33;261;47;77;144;115
1999-09-21;183;25;17;20;25;122;76;47;76;49
1999-09-22;119;30;10;12;16;112;69;55;60;48
1999-09-23;98;28;15;8;13;86;51;37;52;33
1999-09-24;103;15;10;10;13;74;37;24;43;37
1999-09-25;13;0;1;4;0;14;5;3;3;1
1999-09-26;5;0;1;0;0;4;1;1;0;1
1999-09-27;115;80;42;27;28;226;167;107;151;92
1999-09-28;220;53;13;18;13;121;77;57;68;52
1999-09-29;190;1;20;17;17;105;66;54;53;23
1999-09-30;139;17;9;11;14;107;44;38;35;14
1999-10-01;129;15;14;13;2;79;40;30;42;31
1999-10-02;6;0;0;0;0;20;11;2;0;2
1999-10-03;2;0;1;1;0;10;1;0;0;2
1999-10-04;428;51;16;38;33;250;205;126;140;75
1999-10-05;238;20;17;17;17;97;96;101;74;36
1999-10-06;213;20;17;18;15;81;109;94;63;23
1999-10-07;186;25;7;6;18;98;85;65;49;35
1999-10-08;91;16;11;5;7;84;60;55;37;24
1999-10-09;9;1;0;3;2;14;5;5;0;4
1999-10-10;2;0;0;0;0;5;2;2;0;1
1999-10-11;494;57;8;19;35;248;179;151;140;86
1999-10-12;238;33;15;23;29;99;91;78;62;50
1999-10-13;214;13;13;12;20;104;84;61;66;35
1999-10-14;168;21;12;13;13;87;100;45;65;36
1999-10-15;86;10;7;8;3;68;68;40;51;32
1999-10-16;5;1;0;3;1;13;8;4;1;3
1999-10-17;1;0;0;0;0;7;5;1;2;0
1999-10-18;435;43;39;39;28;263;221;148;105;93
1999-10-19;124;25;11;13;12;89;93;77;44;32
1999-10-20;199;19;14;14;16;79;102;90;45;35
1999-10-21;202;24;14;11;9;78;83;70;27;26
1999-10-22;106;8;8;6;20;74;44;54;38;16
1999-10-23;13;1;1;0;2;19;1;3;6;0
1999-10-24;8;0;0;1;0;12;1;1;0;0
1999-10-25;486;52;37;27;37;229;210;212;119;99
1999-10-26;219;21;11;19;20;103;81;72;44;52
1999-10-27;181;5;8;12;19;96;101;54;41;32
1999-10-28;155;15;17;14;10;110;68;59;54;33
1999-10-29;145;16;15;10;4;63;14;18;29;24
1999-10-30;13;1;2;2;0;13;3;2;1;1
1999-10-31;2;1;0;0;0;10;1;0;1;0
1999-11-01;414;37;30;36;43;251;166;149;137;87
1999-11-02;198;30;12;19;21;85;89;78;66;39
1999-11-03;181;23;15;19;9;100;70;47;34;26
1999-11-04;135;17;2;5;12;88;54;46;58;59
1999-11-05;69;13;9;8;46;69;38;32;33;20
1999-11-06;13;3;0;0;1;6;3;2;2;0
1999-11-07;3;1;0;0;1;11;0;2;1;2
1999-11-08;422;43;5;31;40;244;166;128;138;81
1999-11-09;200;25;16;21;22;85;99;72;79;42
1999-11-10;155;47;18;20;22;86;76;66;63;38
1999-11-11;132;21;5;9;16;87;62;51;33;30
1999-11-12;113;19;9;10;12;71;37;33;34;22
1999-11-13;9;2;1;0;0;17;5;3;2;4
1999-11-14;9;0;0;1;0;8;1;0;0;2
1999-11-15;530;49;4;19;34;211;196;36;112;68
1999-11-16;204;34;12;14;14;101;132;97;54;46
1999-11-17;203;20;15;11;14;88;92;78;43;34
1999-11-18;172;24;16;10;12;77;61;67;37;34
1999-11-19;88;27;14;10;5;59;26;45;11;18
1999-11-20;7;0;1;0;0;17;6;3;3;2
1999-11-21;1;1;0;0;1;4;2;2;0;0
1999-11-22;345;39;23;26;23;155;143;148;72;56
1999-11-23;177;24;10;16;7;69;75;57;35;37
1999-11-24;121;18;8;5;4;51;43;33;35;17
1999-11-25;49;5;6;4;7;29;24;14;14;18
1999-11-26;8;2;1;1;1;10;3;4;8;3
1999-11-27;0;0;0;0;0;1;1;0;0;0
1999-11-28;0;0;0;0;0;0;0;0;1;0
1999-11-29;20;3;1;0;0;6;6;6;15;7
1999-11-30;7;2;1;0;0;0;3;1;8;3
1999-12-01;9;0;0;0;1;3;2;5;9;2
1999-12-02;11;2;0;1;0;5;1;1;7;1
1999-12-03;5;0;0;1;0;2;1;3;6;0
1999-12-04;1;0;0;0;0;2;0;0;0;0
1999-12-05;0;0;0;0;0;0;0;0;0;0
1999-12-06;17;4;2;1;3;10;8;9;27;7
1999-12-07;10;1;1;0;0;5;4;4;11;3
1999-12-08;8;0;0;0;0;6;5;5;19;3
1999-12-09;7;0;1;0;0;5;1;2;13;2
1999-12-10;11;1;0;1;0;2;1;1;13;2
1999-12-11;1;0;0;0;0;2;0;1;1;0
1999-12-12;1;0;0;1;0;1;0;0;0;0
1999-12-13;27;2;1;3;0;16;13;11;49;9
1999-12-14;25;1;2;3;0;9;4;5;31;5
1999-12-15;16;2;0;2;2;6;6;8;27;4
1999-12-16;15;4;1;0;1;5;5;6;15;7
1999-12-17;14;2;1;1;3;5;4;4;21;4
1999-12-18;1;0;0;0;0;3;0;0;1;0
1999-12-19;0;0;0;0;0;0;0;0;1;0
1999-12-20;41;4;0;0;0;22;19;15;57;16
1999-12-21;21;4;2;0;3;10;6;9;18;3
1999-12-22;21;2;0;1;4;9;7;7;25;3
1999-12-23;14;1;2;1;0;14;7;3;6;2
1999-12-24;7;2;0;0;0;12;1;0;3;0
1999-12-25;0;1;0;0;0;3;0;1;1;0
1999-12-26;4;0;0;2;0;2;2;1;1;1
1999-12-27;73;2;4;2;7;54;42;17;22;11
1999-12-28;36;2;4;3;3;25;15;7;13;7
1999-12-29;47;3;6;2;1;32;14;9;6;6
1999-12-30;45;6;3;0;6;33;30;8;3;8
1999-12-31;12;2;0;0;2;11;10;1;2;3
2000-01-01;8;1;0;0;2;18;6;1;6;3
2000-01-02;5;1;0;0;11;7;3;7;1;1
2000-01-03;686;98;36;47;151;323;335;115;118;112
2000-01-04;298;49;13;25;108;107;152;58;46;78
2000-01-05;219;22;23;17;78;68;116;54;48;47
2000-01-06;218;36;41;9;76;88;90;31;47;36
2000-01-07;159;22;13;11;20;71;44;33;32;36
2000-01-08;18;3;3;2;6;12;4;4;2;1
2000-01-09;9;1;0;0;2;4;3;3;1;0
2000-01-10;558;77;54;34;249;195;279;80;145;97
2000-01-11;300;45;10;15;134;103;141;110;65;44
2000-01-12;310;42;29;9;73;88;99;39;83;36
2000-01-13;283;25;10;20;30;83;86;68;69;81
2000-01-14;170;17;19;1;64;51;70;52;50;33
2000-01-15;10;4;3;0;4;10;7;2;2;2
2000-01-16;5;0;0;0;3;7;4;2;0;0
2000-01-17;850;79;38;25;214;190;167;200;174;99
2000-01-18;356;48;16;22;107;94;157;80;80;32
2000-01-19;321;33;20;11;68;78;120;86;87;27
2000-01-20;264;43;17;19;70;59;139;71;75;33
2000-01-21;190;31;26;7;60;68;74;52;47;25
2000-01-22;13;4;3;2;3;9;4;5;4;2
2000-01-23;18;0;1;0;1;5;7;8;0;0
2000-01-24;785;60;22;21;233;229;183;407;216;77
2000-01-25;373;47;25;14;102;64;193;107;93;44
2000-01-26;151;38;28;11;75;87;180;81;117;45
2000-01-27;273;32;22;14;77;106;149;102;64;32
2000-01-28;185;23;23;9;73;60;47;67;51;30
2000-01-29;19;2;0;1;1;17;18;8;3;1
2000-01-30;11;1;0;0;2;5;11;0;0;1
2000-01-31;813;178;43;33;72;178;392;267;206;84
2000-02-01;363;31;42;22;119;99;175;125;105;45
2000-02-02;284;43;23;14;94;91;149;85;66;31
2000-02-03;224;50;33;14;58;97;107;102;71;33
2000-02-04;220;27;16;6;13;79;94;47;41;30
2000-02-05;15;3;0;0;5;10;16;3;5;0
2000-02-06;12;0;2;0;3;4;3;3;0;2
2000-02-07;710;59;28;32;196;170;171;222;153;77
2000-02-08;322;47;14;15;102;78;122;67;55;16
2000-02-09;202;23;21;13;82;68;128;79;49;35
2000-02-10;218;21;24;6;69;75;89;68;40;30
2000-02-11;105;25;15;8;63;49;54;34;31;23
2000-02-12;16;2;2;1;3;10;4;8;9;1
2000-02-13;16;0;1;0;1;5;4;2;1;1
2000-02-14;449;58;46;35;216;172;360;187;112;75
2000-02-15;288;35;20;19;86;105;117;57;47;10
2000-02-16;228;23;30;17;106;75;61;60;50;39
2000-02-17;239;23;46;12;21;60;109;59;30;13
2000-02-18;124;26;15;5;44;60;52;35;23;27
2000-02-19;9;2;0;3;11;13;10;2;5;1
2000-02-20;5;0;2;1;4;6;7;4;0;1
2000-02-21;442;71;45;32;272;204;246;112;132;105
2000-02-22;262;40;11;19;113;92;56;51;36;47
2000-02-23;187;36;25;12;76;66;83;42;55;31
2000-02-24;155;30;19;5;105;85;68;39;40;39
2000-02-25;132;18;10;17;61;58;56;29;37;30
2000-02-26;5;3;0;2;4;10;5;2;2;3
2000-02-27;5;1;0;0;2;9;6;0;1;1
2000-02-28;393;72;39;17;197;231;184;74;145;69
2000-02-29;240;41;20;10;128;100;88;39;53;47
2000-03-01;261;49;31;21;23;87;80;37;69;35
2000-03-02;129;31;24;12;87;72;49;28;64;39
2000-03-03;118;34;4;9;76;73;46;17;42;38
2000-03-04;12;3;1;1;2;6;7;2;1;2
2000-03-05;0;0;2;0;4;6;2;1;1;0
2000-03-06;390;83;41;34;244;209;136;87;171;85
2000-03-07;186;34;19;13;121;102;88;46;82;59
2000-03-08;163;31;20;12;95;86;74;28;65;42
2000-03-09;153;19;15;7;94;80;76;10;58;45
2000-03-10;95;21;12;16;78;65;35;10;36;29
2000-03-11;3;1;0;0;1;16;2;1;2;2
2000-03-12;5;0;0;1;4;5;7;0;0;2
2000-03-13;398;83;40;27;234;191;168;66;181;107
2000-03-14;224;40;29;14;110;89;63;41;86;58
2000-03-15;147;38;11;14;106;82;89;35;49;42
2000-03-16;174;31;14;16;90;72;48;32;71;36
2000-03-17;108;18;13;5;64;55;48;17;45;18
2000-03-18;4;4;1;0;1;14;7;2;0;0
2000-03-19;0;1;0;1;3;9;3;0;1;0
2000-03-20;372;72;34;42;255;223;214;59;183;61
2000-03-21;182;43;19;19;137;91;82;35;56;32
2000-03-22;140;51;25;19;99;91;46;21;49;36
2000-03-23;147;29;22;34;66;67;72;17;57;25
2000-03-24;84;26;19;8;76;50;20;12;28;24
2000-03-25;11;3;0;1;2;11;0;0;1;0
2000-03-26;3;0;0;1;1;4;1;0;1;0
2000-03-27;410;79;45;51;231;219;173;43;158;85
2000-03-28;138;23;30;15;114;96;77;15;69;32
2000-03-29;131;25;8;2;92;68;58;32;58;18
2000-03-30;137;29;16;7;78;53;64;18;54;43
2000-03-31;91;22;10;10;60;53;36;12;32;23
2000-04-01;7;0;1;1;3;9;6;0;5;4
2000-04-02;2;1;2;0;0;6;2;0;2;2
2000-04-03;340;63;39;28;243;192;157;53;143;96
2000-04-04;217;35;23;20;130;120;65;22;73;40
2000-04-05;167;30;19;8;113;103;66;25;54;32
2000-04-06;146;29;19;19;83;80;54;19;65;31
2000-04-07;112;30;15;13;69;77;38;16;34;20
2000-04-08;4;4;0;1;7;10;6;1;4;1
2000-04-09;2;1;0;0;3;7;0;1;1;0
2000-04-10;392;75;23;48;250;219;168;51;149;74
2000-04-11;171;35;10;19;110;99;89;26;69;31
2000-04-12;167;26;17;7;81;85;43;15;64;39
2000-04-13;148;33;14;15;101;85;51;32;63;31
2000-04-14;83;27;15;7;57;66;33;10;28;21
2000-04-15;8;1;0;1;3;9;3;1;4;2
2000-04-16;3;0;0;0;4;6;4;0;1;0
2000-04-17;287;52;36;26;207;221;102;40;92;78
2000-04-18;148;42;13;13;94;89;48;20;45;30
2000-04-19;101;30;13;10;70;76;31;7;39;19
2000-04-20;58;17;9;6;43;54;20;8;25;20
2000-04-21;3;0;1;1;3;9;0;0;4;3
2000-04-22;5;0;2;0;4;13;0;1;0;2
2000-04-23;6;0;0;0;1;13;0;2;0;0
2000-04-24;6;0;0;1;5;7;2;0;0;1
2000-04-25;338;77;65;40;245;269;146;7;112;92
2000-04-26;133;38;20;16;139;111;62;15;50;60
2000-04-27;88;33;18;14;62;99;37;16;25;38
2000-04-28;69;18;9;5;56;72;27;6;25;24
2000-04-29;6;1;0;0;5;9;2;2;4;0
2000-04-30;5;0;0;0;0;9;0;0;0;0
2000-05-01;1;2;2;0;7;15;1;0;1;0
2000-05-02;227;71;41;34;260;325;96;30;109;99
2000-05-03;118;52;15;19;99;112;48;5;50;43
2000-05-04;120;27;18;9;33;80;26;7;25;31
2000-05-05;93;29;14;10;20;77;18;0;30;25
2000-05-06;4;2;0;2;4;16;1;0;0;2
2000-05-07;1;0;0;0;5;8;0;0;1;1
2000-05-08;246;75;37;34;226;248;86;16;102;78
2000-05-09;100;43;26;15;111;111;27;8;42;38
2000-05-10;89;25;12;9;84;106;17;0;32;33
2000-05-11;67;21;18;10;73;106;37;9;44;32
2000-05-12;28;23;12;11;43;98;20;4;30;32
2000-05-13;2;3;1;2;4;14;0;0;1;1
2000-05-14;1;1;0;0;3;5;1;0;0;0
2000-05-15;196;75;82;10;273;271;37;23;128;87
2000-05-16;94;32;20;23;107;127;31;12;53;24
2000-05-17;78;21;32;13;90;108;29;10;37;41
2000-05-18;43;38;17;38;65;81;32;11;48;48
2000-05-19;57;20;15;12;65;58;15;5;30;26
2000-05-20;5;1;2;0;9;10;1;0;2;0
2000-05-21;0;1;0;1;2;13;0;0;1;1
2000-05-22;147;96;21;30;248;249;115;18;149;85
2000-05-23;98;39;23;13;121;114;35;11;59;32
2000-05-24;81;35;17;7;103;115;29;6;43;86
2000-05-25;101;31;18;11;96;93;34;9;59;39
2000-05-26;69;28;11;10;49;71;29;4;20;11
2000-05-27;5;1;0;1;3;12;0;1;1;0
2000-05-28;3;1;0;0;3;7;1;0;0;1
2000-05-29;259;66;37;30;230;210;88;64;115;79
2000-05-30;117;34;16;16;116;86;41;11;45;71
2000-05-31;65;16;8;9;77;76;18;3;32;22
2000-06-01;6;0;0;1;2;13;0;0;1;2
2000-06-02;66;14;9;8;44;106;16;3;22;9
2000-06-03;7;0;2;0;4;19;4;1;1;2
2000-06-04;5;0;0;1;5;11;2;1;0;1
2000-06-05;284;81;36;8;269;286;157;32;111;95
2000-06-06;164;41;19;16;128;115;61;18;57;56
2000-06-07;123;39;14;12;90;76;60;12;47;35
2000-06-08;88;32;15;9;25;73;45;4;48;36
2000-06-09;64;19;11;8;53;73;30;3;32;23
2000-06-10;6;2;0;0;6;15;2;0;2;2
2000-06-11;0;2;0;0;3;10;1;0;1;0
2000-06-12;5;0;0;0;4;13;4;1;0;0
2000-06-13;218;89;43;29;231;266;95;21;113;85
2000-06-14;152;45;22;14;97;129;27;12;71;63
2000-06-15;125;40;20;15;102;86;40;4;41;38
2000-06-16;59;27;13;10;70;66;25;7;29;11
2000-06-17;4;1;0;3;4;14;4;2;3;2
2000-06-18;2;0;1;2;4;7;0;0;0;0
2000-06-19;193;90;41;25;236;268;105;25;112;89
2000-06-20;97;100;29;16;34;122;46;7;53;50
2000-06-21;92;29;32;18;80;102;27;51;43;33
2000-06-22;87;29;12;12;80;103;19;8;45;31
2000-06-23;54;15;20;10;62;93;27;0;29;24
2000-06-24;8;2;1;0;6;16;1;2;2;2
2000-06-25;1;0;0;0;5;8;0;0;1;0
2000-06-26;221;78;20;33;221;247;112;25;120;86
2000-06-27;140;39;23;15;136;109;41;7;101;58
2000-06-28;112;32;20;11;82;69;47;11;57;35
2000-06-29;114;31;21;13;102;74;41;9;50;29
2000-06-30;47;16;4;6;58;60;17;9;29;23
2000-07-01;6;1;3;0;5;18;1;0;3;3
2000-07-02;1;0;0;0;3;6;0;0;1;0
2000-07-03;197;66;38;43;251;212;111;29;107;99
2000-07-04;83;49;55;16;113;98;49;10;56;65
2000-07-05;104;44;20;16;102;82;29;10;49;37
2000-07-06;91;27;15;15;101;93;46;10;57;27
2000-07-07;65;24;11;12;55;82;22;4;24;20
2000-07-08;6;2;0;3;6;6;3;0;2;3
2000-07-09;2;0;0;2;5;5;0;1;0;0
2000-07-10;237;62;38;20;259;208;102;21;110;114
2000-07-11;141;33;18;11;119;99;45;13;53;42
2000-07-12;119;32;15;8;95;73;42;15;37;38
2000-07-13;89;29;11;7;85;93;47;10;39;35
2000-07-14;49;19;17;3;69;62;19;3;32;13
2000-07-15;6;1;3;1;5;11;3;0;2;0
2000-07-16;3;0;1;0;4;7;2;0;0;1
2000-07-17;242;67;41;41;206;198;71;26;98;32
2000-07-18;116;33;14;8;127;98;75;2;38;44
2000-07-19;91;23;13;13;70;86;25;11;44;33
2000-07-20;94;15;9;13;88;69;47;4;25;26
2000-07-21;48;19;12;4;52;53;28;5;23;21
2000-07-22;5;2;0;2;4;11;3;1;1;3
2000-07-23;4;0;2;0;2;8;1;0;0;1
2000-07-24;160;55;27;24;200;177;66;16;60;25
2000-07-25;80;30;11;4;21;142;45;6;31;28
2000-07-26;76;20;13;10;72;90;31;6;17;21
2000-07-27;65;22;15;10;60;75;15;4;18;32
2000-07-28;34;22;5;8;56;59;20;2;12;11
2000-07-29;5;6;2;0;5;7;1;1;1;2
2000-07-30;5;1;0;1;3;7;2;1;0;0
2000-07-31;79;39;22;10;175;189;88;21;44;68
2000-08-01;86;26;6;14;99;86;38;6;20;15
2000-08-02;56;26;11;1;63;73;25;7;17;14
2000-08-03;44;28;13;5;75;73;27;11;9;20
2000-08-04;37;20;48;10;13;55;18;5;16;10
2000-08-05;5;3;0;1;0;17;1;2;0;1
2000-08-06;2;2;1;1;4;4;0;1;0;2
2000-08-07;159;63;28;33;214;196;72;16;45;57
2000-08-08;98;31;9;8;88;82;39;12;16;16
2000-08-09;48;19;14;7;67;95;24;9;15;31
2000-08-10;57;26;13;11;66;71;24;3;12;22
2000-08-11;36;12;7;7;18;62;20;6;13;15
2000-08-12;2;0;0;1;6;12;3;0;3;1
2000-08-13;1;0;1;0;5;8;1;2;0;1
2000-08-14;136;60;34;32;232;208;71;13;57;67
2000-08-15;67;30;20;14;93;87;29;8;22;10
2000-08-16;35;20;9;10;77;78;13;8;16;26
2000-08-17;57;24;13;6;85;77;14;2;19;28
2000-08-18;36;9;13;7;62;57;16;0;5;14
2000-08-19;4;3;2;0;8;9;3;0;0;0
2000-08-20;3;0;0;0;2;5;1;0;1;0
2000-08-21;150;77;43;46;218;198;78;12;47;80
2000-08-22;78;24;13;11;93;119;31;7;29;30
2000-08-23;65;31;17;8;79;56;18;11;17;22
2000-08-24;60;33;12;12;75;86;10;6;21;38
2000-08-25;51;18;16;10;60;76;16;3;8;24
2000-08-26;5;4;3;0;8;16;1;0;1;1
2000-08-27;1;0;0;2;2;5;2;1;0;3
2000-08-28;160;78;39;22;261;251;62;11;54;75
2000-08-29;83;30;16;12;113;89;38;4;22;35
2000-08-30;69;37;11;9;88;76;24;6;13;26
2000-08-31;57;18;12;15;80;93;19;4;17;26
2000-09-01;49;28;11;8;76;87;11;4;18;18
2000-09-02;3;4;1;0;6;14;2;2;2;1
2000-09-03;3;1;3;0;3;9;0;1;0;2
2000-09-04;177;60;35;21;292;206;63;14;74;75
2000-09-05;49;47;16;12;110;79;30;5;42;34
2000-09-06;93;46;12;11;111;80;37;13;36;50
2000-09-07;90;25;16;20;82;93;25;5;32;28
2000-09-08;61;17;13;16;75;79;23;5;32;27
2000-09-09;6;1;0;0;9;9;2;0;1;2
2000-09-10;5;0;0;0;4;16;1;0;0;2
2000-09-11;228;89;37;38;255;220;87;26;119;77
2000-09-12;121;48;21;23;133;96;41;11;45;50
2000-09-13;120;40;20;4;130;89;43;10;57;31
2000-09-14;119;21;23;12;81;89;43;7;48;33
2000-09-15;75;24;5;16;11;62;22;4;33;28
2000-09-16;4;2;1;0;3;14;1;0;3;3
2000-09-17;4;2;0;1;1;12;0;2;1;0
2000-09-18;320;80;16;43;268;240;94;40;139;80
2000-09-19;171;51;23;12;121;94;64;11;66;46
2000-09-20;192;41;21;15;100;85;80;4;45;33
2000-09-21;155;35;28;7;88;84;50;17;50;38
2000-09-22;100;13;16;10;27;136;35;11;36;17
2000-09-23;7;0;0;1;6;10;4;1;3;2
2000-09-24;2;0;0;0;1;11;3;0;2;0
2000-09-25;389;93;40;36;264;240;193;39;144;71
2000-09-26;262;39;23;20;120;101;94;21;59;43
2000-09-27;186;24;20;22;83;70;99;14;77;42
2000-09-28;154;31;9;9;94;101;70;14;43;37
2000-09-29;81;27;11;4;76;83;38;7;29;27
2000-09-30;14;1;0;4;6;16;7;0;3;1
2000-10-01;3;1;1;0;4;11;8;2;0;2
2000-10-02;143;33;22;13;155;180;72;14;64;40
2000-10-03;8;2;2;2;6;8;2;1;3;1
2000-10-04;357;44;45;27;242;197;117;50;166;78
2000-10-05;204;42;11;16;127;93;78;23;54;42
2000-10-06;104;24;13;12;80;68;61;9;36;13
2000-10-07;9;2;0;1;7;10;9;1;3;1
2000-10-08;4;0;0;1;3;6;0;5;0;2
2000-10-09;382;72;54;40;261;192;223;64;88;94
2000-10-10;235;27;21;22;134;104;93;20;70;29
2000-10-11;103;35;11;10;105;77;84;25;45;49
2000-10-12;180;36;18;14;97;69;84;19;39;29
2000-10-13;126;23;8;12;69;70;48;6;36;23
2000-10-14;17;1;1;2;7;14;7;0;3;0
2000-10-15;4;0;0;0;3;4;2;0;2;1
2000-10-16;396;86;39;37;88;198;183;42;120;94
2000-10-17;204;52;18;18;129;93;98;30;70;48
2000-10-18;192;44;26;24;95;96;79;18;50;35
2000-10-19;159;43;9;13;87;88;72;17;45;24
2000-10-20;102;40;14;10;88;81;53;10;37;30
2000-10-21;9;2;0;0;10;15;3;0;3;1
2000-10-22;5;1;0;1;1;9;2;1;0;2
2000-10-23;383;75;25;35;242;217;182;31;98;94
2000-10-24;202;48;12;16;115;126;38;18;32;66
2000-10-25;167;26;10;10;113;79;44;21;37;39
2000-10-26;161;32;15;10;91;93;55;15;34;7
2000-10-27;88;17;9;18;75;46;27;6;15;17
2000-10-28;7;3;0;0;3;13;2;1;0;0
2000-10-29;4;1;0;0;0;1;1;0;0;1
2000-10-30;208;50;22;12;146;140;107;27;56;32
2000-10-31;11;6;2;2;5;13;8;0;0;5
2000-11-01;389;37;35;33;253;165;150;33;115;70
2000-11-02;197;34;29;24;126;82;85;8;28;52
2000-11-03;122;29;13;6;87;58;27;9;31;35
2000-11-04;7;3;0;0;11;11;2;1;2;1
2000-11-05;4;0;0;0;6;11;1;1;1;0
2000-11-06;224;80;46;24;258;358;185;46;108;87
2000-11-07;217;29;25;11;157;88;74;20;57;36
2000-11-08;193;29;17;12;110;72;70;16;56;17
2000-11-09;168;31;23;11;84;84;36;23;51;35
2000-11-10;110;19;11;12;92;62;49;11;33;18
2000-11-11;10;4;0;2;5;14;4;1;4;1
2000-11-12;1;0;0;0;2;3;1;2;1;2
2000-11-13;445;67;28;31;262;220;179;43;151;94
2000-11-14;222;38;19;21;135;91;87;23;64;53
2000-11-15;181;33;18;11;95;74;66;16;65;43
2000-11-16;159;31;21;18;110;86;68;12;68;37
2000-11-17;97;18;11;19;68;58;37;9;46;34
2000-11-18;10;3;0;0;2;10;5;1;1;0
2000-11-19;4;1;1;0;5;10;1;1;1;0
2000-11-20;406;73;47;32;271;182;218;45;161;92
2000-11-21;222;35;15;20;144;83;103;22;71;48
2000-11-22;212;34;5;17;115;84;90;23;66;44
2000-11-23;150;45;16;15;42;78;64;15;59;45
2000-11-24;125;30;16;10;70;43;21;8;37;28
2000-11-25;13;2;1;1;8;11;5;0;3;1
2000-11-26;4;0;1;0;7;3;2;1;0;0
2000-11-27;665;71;36;29;59;184;158;64;158;111
2000-11-28;188;45;30;36;118;103;50;21;66;33
2000-11-29;182;45;29;11;84;90;81;27;51;42
2000-11-30;158;28;14;13;89;65;58;19;62;37
2000-12-01;104;27;10;14;86;71;24;11;48;29
2000-12-02;3;2;0;0;5;10;5;0;2;2
2000-12-03;6;0;0;0;1;7;0;1;0;2
2000-12-04;412;51;53;23;241;194;179;46;148;115
2000-12-05;210;34;26;20;123;83;107;23;77;47
2000-12-06;180;39;12;13;90;77;80;23;44;36
2000-12-07;234;35;19;5;132;60;36;3;64;13
2000-12-08;114;29;7;8;58;60;49;10;41;30
2000-12-09;13;2;0;2;6;13;9;1;2;3
2000-12-10;7;1;1;0;3;8;3;0;3;1
2000-12-11;238;77;46;25;261;163;192;40;138;76
2000-12-12;251;37;29;12;129;88;103;27;73;48
2000-12-13;178;34;17;19;82;79;77;27;65;39
2000-12-14;141;40;9;11;96;77;57;18;48;35
2000-12-15;113;21;8;17;66;64;28;13;47;15
2000-12-16;11;1;0;2;4;9;4;2;6;0
2000-12-17;6;1;0;1;3;8;0;0;1;0
2000-12-18;432;55;21;20;205;164;176;40;130;73
2000-12-19;205;27;7;16;89;55;78;19;50;14
2000-12-20;137;24;10;8;65;60;55;15;37;30
2000-12-21;91;16;4;4;50;53;33;7;32;16
2000-12-22;34;8;6;1;28;25;13;2;12;5
2000-12-23;1;0;1;0;1;5;1;1;0;2
2000-12-24;0;0;1;1;1;2;3;0;0;0
2000-12-25;2;0;1;0;1;2;3;2;3;1
2000-12-26;3;0;0;1;1;1;3;0;1;1
2000-12-27;106;16;9;8;73;68;89;12;29;20
2000-12-28;64;14;7;6;28;36;28;17;13;5
2000-12-29;41;4;2;1;18;17;35;6;7;7
2000-12-30;8;2;0;0;2;9;3;1;1;2
2000-12-31;0;0;0;0;0;0;0;0;0;0
